timestamp,price,price_change,return,MA20,MA50,volatility
2025-11-19 00:00:00,0.8957656547473916,0.623550570778499,0.5745430043444966,1.0000000000000002,1.0000000000000002,0.3105489207819062
2025-11-20 00:00:00,0.8567696025373597,0.49429015985829905,0.47916812942150033,0.9788789050771534,0.9902207522004096,0.3111480840034584
2025-11-21 00:00:00,0.7318138941216772,0.3089166838446196,0.33956390699398886,0.95036945887671,0.9762876156772406,0.3513091403243719
2025-11-22 00:00:00,0.6918866193545206,0.4922819624087468,0.4730952501680249,0.9193369960531916,0.9610116618519868,0.34455187101699036
2025-11-23 00:00:00,0.6811270002652747,0.5551825131886257,0.5223934343810751,0.8872547219664269,0.9447901767757829,0.3384355509994794
2025-11-24 00:00:00,0.7349873277403993,0.6945365385909291,0.6347735184463522,0.862766175128822,0.9294011849565578,0.3566343173569628
2025-11-25 00:00:00,0.7745339147100967,0.6636687111777895,0.6082221614533313,0.8463365385748076,0.9142088574398237,0.33383993309695503
2025-11-26 00:00:00,0.7500368098423988,0.5255573889984151,0.5001223821898018,0.8257609482719619,0.8980721507427509,0.305453890936805
2025-11-27 00:00:00,0.8334888400475797,0.7583515541269432,0.6818837892255949,0.8124111047956568,0.8847277352128617,0.35065446202944317
2025-11-28 00:00:00,0.854559240957385,0.6238244983856431,0.5753364497405989,0.7976668238391695,0.8709209950518175,0.339469163136186
2025-11-29 00:00:00,0.8436348619159542,0.5548272055199759,0.5234000534646805,0.7835265328616361,0.8576340906227988,0.3392429498708426
2025-11-30 00:00:00,0.8417388076619214,0.5742969430956647,0.5379558135709378,0.7664094844798923,0.8480565009515024,0.31578268204539517
2025-12-01 00:00:00,0.8294172517165437,0.5518141695130486,0.5210377144074825,0.7470393414323604,0.8393051280390729,0.3038283877122331
2025-12-02 00:00:00,0.7236074763049134,0.3502052174329253,0.3684533400841501,0.7261576585942524,0.8269051211369953,0.3333977352557219
2025-12-03 00:00:00,0.8544666606267197,0.8605858967758993,0.7644924423763121,0.7133446152640344,0.8165966409637406,0.44260295178296893
2025-12-04 00:00:00,0.9094723557737281,0.6970065436610158,0.6298010549796678,0.7058263148157267,0.8081288443411465,0.45285678691398423
2025-12-05 00:00:00,0.875313397364976,0.5047214357768788,0.48714622065144925,0.7025298532449724,0.8000545358970805,0.4056592780565581
2025-12-06 00:00:00,0.8008348541570853,0.41777155817658645,0.4218747448750319,0.6949318050403173,0.7919031588165251,0.42497275119179734
2025-12-07 00:00:00,0.79987545300255,0.5763168516031782,0.5394457540433399,0.6887687620353573,0.7844621858644978,0.4226995827632699
2025-12-08 00:00:00,0.8304237045982872,0.6442636462876145,0.5914864787084853,0.6866543995448466,0.7772130068481264,0.4173419274170477
2025-12-09 00:00:00,0.8363609010975768,0.5911894829768867,0.5507092218876958,0.6838254080679895,0.7694387038497317,0.41535469694130256
2025-12-10 00:00:00,0.8901027026985722,0.6942809355062407,0.6284255290076324,0.6854128072315173,0.7617418912992975,0.42170398278098886
2025-12-11 00:00:00,0.8718539615727334,0.5390320927996408,0.5120129501017578,0.6920818384604466,0.7547067916876891,0.34546861138569285
2025-12-12 00:00:00,0.8859225601992791,0.608724991420386,0.5635699406997472,0.7013222778045691,0.7482105111761064,0.3323804358741882
2025-12-13 00:00:00,0.8268260856800282,0.45094325367839816,0.4468994084189081,0.708260804530122,0.7396517285781752,0.3530769311079296
2025-12-14 00:00:00,0.8266324052177001,0.5779681414365222,0.540713508096451,0.7126251546393314,0.7306926621504999,0.340289638324357
2025-12-15 00:00:00,0.772665194692405,0.4620045996390733,0.4529047794200589,0.7125361618790242,0.7205822227886853,0.3492997910478214
2025-12-16 00:00:00,0.7264594488134477,0.4787423315467817,0.4638087543805394,0.7114133535295302,0.7085060409871435,0.35735941689895256
2025-12-17 00:00:00,0.7605416053829546,0.6518845731014957,0.5991567753448592,0.7079394378502732,0.6971371779868234,0.32479090318066717
2025-12-18 00:00:00,0.7208141333458735,0.4927128404302044,0.47428376986482335,0.7015701871378697,0.6856254236409776,0.32821162638706924
2025-12-19 00:00:00,0.7013361854129057,0.5363812871934379,0.5077267635242815,0.6947935957329439,0.6750282969801333,0.3291293296276132
2025-12-20 00:00:00,0.7702464948836119,0.7269920834315199,0.6598806425990981,0.6913889667919191,0.6662673155628711,0.35974872685426307
2025-12-21 00:00:00,0.7769400624479681,0.5928206101786068,0.5522280964922816,0.6888898819199352,0.6571179764644042,0.3597094569669719
2025-12-22 00:00:00,0.7853937305517651,0.5966162972431196,0.5551316725566274,0.6918322859518009,0.6478926239716036,0.3008221411946661
2025-12-23 00:00:00,0.7806300226325125,0.5681127986796677,0.5331122468013946,0.6883160148332184,0.6384020032762361,0.18613273366137192
2025-12-24 00:00:00,0.7547101641328446,0.5224891963379144,0.4978608466358102,0.6809458820712406,0.6302283696192157,0.16374470441958608
2025-12-25 00:00:00,0.7571329006831633,0.5836104896931891,0.5451105796705911,0.6753178540549245,0.6242382497878003,0.15916671653921186
2025-12-26 00:00:00,0.7467818886997544,0.5560636814351767,0.5236131092096747,0.6727437270838912,0.6170429485357809,0.1225294142763805
2025-12-27 00:00:00,0.7496726225663928,0.5846197339493976,0.5459158405352569,0.670352952428799,0.6110240024439304,0.1227523187014404
2025-12-28 00:00:00,0.7640191914413255,0.6093244390385648,0.5652483973797477,0.6671906162485455,0.6044099280605875,0.11596272602606353
2025-12-29 00:00:00,0.7643857947239783,0.5791764029622846,0.5416447440115969,0.66376299556221,0.5981921192673914,0.11536807415020575
2025-12-30 00:00:00,0.7458022456978524,0.5383100738082593,0.5098599586145125,0.6568910747498118,0.5906652912257715,0.08704920060458513
2025-12-31 00:00:00,0.7773429620292773,0.6464039135478186,0.5943647199056173,0.6523902428171728,0.5830814466547138,0.09892491581681204
2026-01-01 00:00:00,0.7567684467916604,0.534016520954036,0.5067145257857756,0.6462396258449188,0.5763818246505685,0.09783688565061602
2026-01-02 00:00:00,0.7877884649851861,0.6452810190640936,0.5932324420474963,0.6443805642473659,0.570832469439843,0.08367047463978047
2026-01-03 00:00:00,0.8194792656380365,0.6467275729665022,0.5936468557495104,0.6440399152309098,0.5667354728605938,0.09360116106591002
2026-01-04 00:00:00,0.8360574915075116,0.6141370457032405,0.5681834180704873,0.6470588027166733,0.5649424546022477,0.06711772546805336
2026-01-05 00:00:00,0.8690625084853749,0.6495617030590978,0.5947099264958214,0.6538498895506277,0.5634330155723213,0.04700326418752318
2026-01-06 00:00:00,0.9212469979717939,0.6909225651653149,0.6247351889554091,0.6615030512588425,0.5633000642910022,0.058305909374219506
2026-01-07 00:00:00,0.9152386503994505,0.5654287118759013,0.5315975403229809,0.6707619954988757,0.5639681081104759,0.03483351650344643
2026-01-08 00:00:00,0.8535784813734055,0.4454146024117548,0.4439944248911206,0.6780121250125541,0.5632707946690474,0.07323780240141423
2026-01-09 00:00:00,0.8468383564936535,0.5638506215352679,0.530148097683741,0.6816596062388662,0.563106640714123,0.029512559360408613
2026-01-10 00:00:00,0.8344219880538912,0.5516097047393467,0.5209271414267034,0.6843970282063248,0.5648026539185169,0.03212700966395168
2026-01-11 00:00:00,0.8309936934835742,0.57099264051867,0.5354500261755396,0.6865686036872958,0.5671019601964735,0.03215986542269708
2026-01-12 00:00:00,0.8423746164506885,0.6029289726671911,0.559579701268363,0.6895090237533947,0.5697672283614608,0.0323067673003932
2026-01-13 00:00:00,0.8513504724266234,0.5977424043643342,0.5555893958630634,0.6941112582832363,0.5716905993386374,0.02221971617147292
2026-01-14 00:00:00,0.9616618556050496,0.8162742104509394,0.7192896797231805,0.7038513991759208,0.5747836444046397,0.12004359745199081
2026-01-15 00:00:00,0.9999999999999998,0.6610626839955979,0.6002378638920834,0.7159102300714568,0.5789152957673462,0.12103075108445213
2026-01-16 00:00:00,0.9659441171815548,0.5049437200589575,0.48923268516466334,0.7262095778064881,0.5811046542321796,0.13567396341295926
2026-01-17 00:00:00,0.9641148253293712,0.5744409173627113,0.5382095054176788,0.7357385937192962,0.5829155027782282,0.13671605242977383
2026-01-18 00:00:00,0.9453239475219293,0.537862965727949,0.512038329159654,0.7443552861665201,0.5845963256579951,0.14192527853741768
2026-01-19 00:00:00,0.9072712298753582,0.4963244770576862,0.4818742172447652,0.7520448118685812,0.585679513632068,0.15151367655131934
2026-01-20 00:00:00,0.8869698334060392,0.5346055062720175,0.5089766738340232,0.7572654965058325,0.5866308025095011,0.15194188055024868
2026-01-21 00:00:00,0.7787298893501842,0.3449645169838496,0.3686972331004935,0.7583113510881747,0.5875419230342098,0.22990001599469265
2026-01-22 00:00:00,0.805782998616565,0.6367263117826307,0.5861231719527563,0.7591682923116541,0.5867372288776058,0.22833484254929862
2026-01-23 00:00:00,0.8065590179741513,0.5800593157645967,0.5423082608060071,0.7585530002975591,0.5850361702853701,0.22191450798845122
2026-01-24 00:00:00,0.8076337412284309,0.5807034758517001,0.5427997942356114,0.7571993957063541,0.5839174905976616,0.22000849017028892
2026-01-25 00:00:00,0.7978538604152872,0.5572953356200017,0.5249299233028762,0.7538082755334414,0.5838682176353196,0.2124284257303178
2026-01-26 00:00:00,0.7319928465004064,0.43635540820820073,0.4321521622263295,0.7447955560358002,0.5827461833730676,0.21486788206683563
2026-01-27 00:00:00,0.774373671816188,0.6697807948837541,0.6131331473736155,0.7380872406348347,0.5818197301853887,0.23216447131909065
2026-01-28 00:00:00,0.7976370910177295,0.6285537800236267,0.5798797070980712,0.7354231825115967,0.5811796628115302,0.21800483586724376
2026-01-29 00:00:00,0.7994777633318637,0.5823552581638003,0.5440729255472389,0.7331677617554837,0.5796817196384025,0.21798339472880876
2026-01-30 00:00:00,0.6799507977548711,0.32062386108116775,0.34357261394649036,0.7258114871490464,0.5765097447256329,0.2982362914843828
2026-01-31 00:00:00,0.6658951499598984,0.5480745706352059,0.5165528959120372,0.7179491134537825,0.5728729030419626,0.29842682844136037
2026-02-01 00:00:00,0.523859571408338,0.2720836503413786,0.292100688527272,0.7027806918660569,0.5678651576585092,0.395475461845597
2026-02-02 00:00:00,0.4781690207500142,0.47985335889484293,0.4554097330759792,0.6850089298226096,0.5621053927251938,0.3977884026723594
2026-02-03 00:00:00,0.5244742384902634,0.6782438145964538,0.6297779888134657,0.6641890464527405,0.5580030346869664,0.3430703267533287
2026-02-04 00:00:00,0.44510205815687454,0.4072183456075068,0.392337909726664,0.6377635257401508,0.5533524673543089,0.34594235422831476
2026-02-05 00:00:00,0.37808710845428206,0.43386692584907005,0.41043669850370434,0.6097684181919683,0.5470308619914857,0.35867935105336524
2026-02-06 00:00:00,0.10988344185976207,0.0,0.0,0.5690879481180644,0.5369327646580087,0.6868642396066498
2026-02-07 00:00:00,0.3053904314721074,1.0,0.9999999999999999,0.5386128370969538,0.530388161779497,0.9724585896894843
2026-02-08 00:00:00,0.2786054395407731,0.520623521223301,0.4848555096089038,0.5086743211806712,0.5222618075151388,0.9724312726878394
2026-02-09 00:00:00,0.3086660396088301,0.6432120173868048,0.6050084701836849,0.4811341597765806,0.5145216878464647,0.9841017064312626
2026-02-10 00:00:00,0.3028501768296523,0.5658438086406383,0.528854313444101,0.45847166952090856,0.5065457065428003,0.9698430825745344
2026-02-11 00:00:00,0.26806848382866577,0.5033784979256585,0.46798338431445424,0.4328644632645826,0.49807355678773213,0.9635378164013103
2026-02-12 00:00:00,0.22238178641561746,0.47986166848450656,0.4432231142933742,0.40504459519821756,0.48927468017787534,0.9635498767259242
2026-02-13 00:00:00,0.20067576338151394,0.5315764049434561,0.4933482457645194,0.3761398554149158,0.4800769783555767,0.9608856284265662
2026-02-14 00:00:00,0.26795653617951465,0.7234779595896503,0.6906810195173523,0.35090492181500554,0.47216245534524304,0.9961157224494849
2026-02-15 00:00:00,0.2930518366239043,0.6325042634087462,0.5947574221919769,0.33000153783493724,0.4646149524857621,1.0
2026-02-16 00:00:00,0.26642421032110963,0.5209628829059215,0.48480713327451913,0.3058118121151008,0.4563901855489778,0.988865935076069
2026-02-17 00:00:00,0.2685355478662932,0.5829389523865369,0.545553868912266,0.28061477544711466,0.4481942573931712,0.9847543302812282
2026-02-18 00:00:00,0.23460938259750774,0.5052234581842805,0.46841908799432563,0.253714439422436,0.4397447305324249,0.9830991449323586
2026-02-19 00:00:00,0.20506079554151113,0.5146637808384921,0.4765708581510937,0.23109908145587377,0.4302854561827454,0.962088609401286
2026-02-20 00:00:00,0.21939347437343293,0.60929448492208,0.5728289682071969,0.20983564112444153,0.42140316421137025,0.9667135303418225
2026-02-21 00:00:00,0.2461829148386625,0.6361577054812183,0.5999786183754601,0.19661203785207793,0.41245094485498623,0.929910815466695
2026-02-22 00:00:00,0.24678530265599585,0.5796848763638004,0.5423352583166265,0.18559301115549265,0.4029848639049203,0.92649193202238
2026-02-23 00:00:00,0.1728576937320483,0.41895965742892954,0.3808665436004547,0.16884821975198805,0.3920228084658848,0.9312753380819866
2026-02-24 00:00:00,0.16100653005028454,0.5528285785142601,0.5142382723895835,0.1553189350020776,0.38031932345943487,0.9174828754119059
2026-02-25 00:00:00,0.14367528110814654,0.5410106804629173,0.5015747115778582,0.14415570275393508,0.36746681008914095,0.9065993399845408
2026-02-26 00:00:00,0.24219584837802688,0.7908471132929958,0.7676398967800511,0.15045672493355822,0.3563420592473132,0.6443354874071935
2026-02-27 00:00:00,0.23298011711973987,0.5585119338312042,0.5210122190070232,0.14700837863880056,0.34608416457191926,0.32878575188507175
2026-02-28 00:00:00,0.191093660575675,0.4880569532339863,0.44957181317955025,0.14284086574452548,0.33524533480354823,0.337866511470827
2026-03-01 00:00:00,0.2204642759894886,0.6417240536210213,0.6067223894512396,0.13864049418850954,0.3250972037283455,0.3383518008097013
2026-03-02 00:00:00,0.1893510136419696,0.5112895316799297,0.47260845257770273,0.13323540207784923,0.3144914667361638,0.3449139148620203
2026-03-03 00:00:00,0.2673918798126047,0.7466822858836617,0.715759259055681,0.13320318063298142,0.3049875545566716,0.39560638107751755
2026-03-04 00:00:00,0.2536053806600198,0.5486549943084282,0.5115043216677786,0.13469012025594385,0.2951074025175191,0.37946274220601117
2026-03-05 00:00:00,0.37008144877205296,0.8295684594639638,0.7924075674794608,0.14275760998792708,0.2853291467971426,0.4697451938170991
2026-03-06 00:00:00,0.3209305956437085,0.47239115714531776,0.44146271998910996,0.14528035696541863,0.27410478200922306,0.4604225515037099
2026-03-07 00:00:00,0.24983366543675412,0.4250640647335792,0.3931766057303743,0.14322220790457907,0.26226816429789346,0.49125484150899157
2026-03-08 00:00:00,0.22888003110462374,0.5331989441107198,0.495711817669128,0.14143426743713583,0.2501154395804954,0.4896555147792039
2026-03-09 00:00:00,0.1950466622085707,0.5054235751569887,0.4669830920707371,0.13793455708743996,0.2377140769385866,0.49689860812140374
2026-03-10 00:00:00,0.2573396947821782,0.7127218120704347,0.68003959067906,0.1390170270159543,0.22697133313322593,0.5186259582240317
2026-03-11 00:00:00,0.2943471434609317,0.6581930158126801,0.6207318869981596,0.14326904897959492,0.21717584947445712,0.5185825302240328
2026-03-12 00:00:00,0.29903652073397446,0.5884985393689609,0.5509240468121313,0.1470618346659569,0.20924697899206768,0.5179329198341047
2026-03-13 00:00:00,0.3091645400614964,0.6002270644344989,0.5623443933057194,0.15006116502265332,0.20103835303501905,0.5145044763613351
2026-03-14 00:00:00,0.3201666025411505,0.6021119535144301,0.5640561803179654,0.1535557518895483,0.19299875374535214,0.5147148580735567
2026-03-15 00:00:00,0.32826283212756024,0.5958454749370049,0.5578736258114796,0.1609565032599225,0.18507521320892462,0.468499634945829
2026-03-16 00:00:00,0.3748291616574091,0.6788069066585075,0.6374865190039524,0.17113923048645807,0.178083021390683,0.47371122677577027
2026-03-17 00:00:00,0.4203536945049733,0.6765602542075875,0.633020665594893,0.1843152951149536,0.17293192563853288,0.47310714921728503
2026-03-18 00:00:00,0.4027530389325815,0.5404297004344281,0.5062953801210105,0.19196139910024113,0.16678939363893974,0.4120204805527967
2026-03-19 00:00:00,0.33010890537077,0.4217274941067294,0.39636173290636817,0.19658689617307346,0.15906160194243424,0.45226134696543363
2026-03-20 00:00:00,0.29661663821140594,0.5061591669147438,0.47172332158492747,0.20161214391846105,0.1507497907051627,0.445608562479758
2026-03-21 00:00:00,0.3120105530720516,0.6115830586577038,0.5734695582672932,0.2059717889248387,0.1446680919863237,0.44158227742417067
2026-03-22 00:00:00,0.25716928185052046,0.4601196727249805,0.42642893425974204,0.2092014513836402,0.13791224610004416,0.4567730842405905
2026-03-23 00:00:00,0.244369562636227,0.550783002205342,0.513460641176512,0.20810507550346413,0.13329254479571184,0.4099650368000217
2026-03-24 00:00:00,0.3240358753333492,0.7501875892549131,0.7138610532417892,0.21145913821562012,0.13074487199677853,0.4555341258772694
2026-03-25 00:00:00,0.31207770979404126,0.5525978271694034,0.5162032538745533,0.2086968662910209,0.12723416145308386,0.34863423458603526
2026-03-26 00:00:00,0.33228819919010255,0.6219700844267794,0.5832617034864442,0.20923774158560904,0.12536945675861122,0.3337922538448569
2026-03-27 00:00:00,0.2650772992814536,0.4334443558618728,0.40211141455558697,0.2099636786120831,0.12350151319550573,0.32870591771258495
2026-03-28 00:00:00,0.20253716020885792,0.4435169318821437,0.40691969416079576,0.20870917029984626,0.12503299013591263,0.3592685476152019
2026-03-29 00:00:00,0.20407534173112096,0.5817029315721588,0.5444474155883928,0.20913913685718843,0.12335834904845,0.3489685051237392
2026-03-30 00:00:00,0.19254959753380385,0.5535303512255206,0.5154435907105516,0.20605368288862502,0.1219359286645818,0.3110828824608606
2026-03-31 00:00:00,0.21196487898072558,0.6202552048170581,0.5844187521616652,0.2021304493132028,0.12033755139218227,0.30089614592178615
2026-04-01 00:00:00,0.24890994786084386,0.6580584927047887,0.6226727040803983,0.19974330621926684,0.11944597123438716,0.31606999861820484
2026-04-02 00:00:00,0.2450594641423105,0.5700821823642898,0.5326977021625539,0.19669047454745048,0.11906565424658666,0.3146803428994315
2026-04-03 00:00:00,0.21708425021345112,0.5180567870290491,0.4803628123244642,0.19178145501227228,0.11897809106316393,0.31830687849242256
2026-04-04 00:00:00,0.21538965553917788,0.5747313941419426,0.5372959413369043,0.18640617382826763,0.11922129756307154,0.31689300535501885
2026-04-05 00:00:00,0.22203145113202005,0.5927089630322216,0.5556782672789572,0.17912959419109464,0.11846220003315411,0.2938959044593671
2026-04-06 00:00:00,0.27224680243490407,0.686676084828541,0.6513596261352148,0.17207640215532116,0.11811831280798368,0.30270508327850143
2026-04-07 00:00:00,0.2636433861886842,0.5598324016787105,0.5226542041825215,0.16545167942217365,0.11807234845695658,0.3018533295184457
2026-04-08 00:00:00,0.341632142245091,0.7465699095267011,0.7084014262697361,0.16600044255812452,0.11928056492908601,0.32331777277518814
2026-04-09 00:00:00,0.31510204150605503,0.5211731984603591,0.4864687104245615,0.1668807601279121,0.12061103124157646,0.3195433075539199
2026-04-10 00:00:00,0.3339634664780404,0.6190608038096137,0.5803780126988773,0.16792620853232432,0.12274166853939494,0.32044798380857065
2026-04-11 00:00:00,0.3744629163510744,0.6657235764058844,0.6246628171071313,0.17351200212466322,0.12530481742086463,0.30147680368848495
2026-04-12 00:00:00,0.3771135215548882,0.5841018923608767,0.5463868293341029,0.17983357582562975,0.12746897454863237,0.29807010345810014
2026-04-13 00:00:00,0.3155154082442704,0.44554842662863803,0.41670839057764447,0.17942781151734,0.12860501715648076,0.2767979289447997
2026-04-14 00:00:00,0.41519544473772463,0.7933475286016677,0.7489332745503434,0.18433851605435558,0.13261062733671003,0.3568241626179336
2026-04-15 00:00:00,0.4103876961576425,0.5680178242376528,0.5315166130689052,0.18805779435606174,0.13673265840108884,0.3556389318183123
2026-04-16 00:00:00,0.4241870352314836,0.6081443285671597,0.5684023594588157,0.19563496721231055,0.1413692481743598,0.3110670951471962
2026-04-17 00:00:00,0.43163873809405673,0.5944555419794383,0.5557065847309086,0.2065453131249,0.1445005571201161,0.2601190744130607
2026-04-18 00:00:00,0.4841729574375606,0.691676763612997,0.64410738236561,0.21988420805900666,0.14865253341849383,0.27156579598331654
2026-04-19 00:00:00,0.44740059637272656,0.4990855880319529,0.4707624222476734,0.232020800827891,0.1528890408013983,0.286254330982182
2026-04-20 00:00:00,0.39848333697367777,0.4728949060373665,0.44581487112484264,0.24090324028802246,0.15583152483450502,0.3147941307409129
2026-04-21 00:00:00,0.4511019987373268,0.6918588651433695,0.6460500679132581,0.25053209241641605,0.160158017121538,0.3215429186273632
2026-04-22 00:00:00,0.4633149818183764,0.6047233246036798,0.5647572175586012,0.260925923908796,0.16339643775010115,0.31965574530446594
2026-04-23 00:00:00,0.5132104133543962,0.6859861723527716,0.6373723620264862,0.27502813526612835,0.16768745950582842,0.31375516457450126
2026-04-24 00:00:00,0.5141628405814476,0.5804397423670563,0.5428238254423379,0.28925640391581275,0.17006898647559776,0.3130365254491777
2026-04-25 00:00:00,0.4925700771448571,0.5318206512121092,0.5003746930729005,0.302140077698259,0.1729060221895018,0.3225561042258639
2026-04-26 00:00:00,0.4974457706004698,0.5889003334189277,0.5503078606568429,0.3128645723286527,0.17699881237623782,0.30889431278220814
2026-04-27 00:00:00,0.5236173801727564,0.634825342541801,0.5907126353711173,0.3252451339503837,0.18187053756565552,0.3062193651447065
2026-04-28 00:00:00,0.4904613495126149,0.5068842667042822,0.47889097044084095,0.3323327243029861,0.18675345850530922,0.2760021210101796
2026-04-29 00:00:00,0.4634629687044616,0.5201633444428823,0.48960000129880055,0.33939801407789183,0.19016047817508408,0.27507293408652345
2026-04-30 00:00:00,0.4491955822496092,0.5476179525759798,0.5134830368520045,0.34488563339030587,0.19271997408618557,0.2774166366964146
2026-05-01 00:00:00,0.46254813674911754,0.6071808299536332,0.5669961996178156,0.34908045488913864,0.19542266399305275,0.2663880349973723
2026-05-02 00:00:00,0.5124003342175396,0.6858929373429246,0.637325967977143,0.3555231251543818,0.19878195639665086,0.2818106280743288
2026-05-03 00:00:00,0.5246525565000122,0.6048079446159611,0.5641182766734596,0.36548271884948,0.20216191274060646,0.23685113585211418
2026-05-04 00:00:00,0.5203394686382825,0.5690845685786146,0.532950530447221,0.3704899199433609,0.20533675499031245,0.14290350039512748
2026-05-05 00:00:00,0.5546126536864409,0.6522965292989528,0.6053650218670027,0.3773582452966511,0.20830840337328227,0.1492862833250461
2026-05-06 00:00:00,0.5829980048329901,0.6395993142947278,0.5934358461468809,0.3849211902098211,0.21099675755046965,0.15284861490042598
2026-05-07 00:00:00,0.5966390585554617,0.6078029834864488,0.5658757041738399,0.3927788862961572,0.2142015071645209,0.15307844023771136
2026-05-08 00:00:00,0.559804897430636,0.4989523151404099,0.474370411938799,0.39638065383954,0.21799816121587967,0.1468516793403923
2026-05-09 00:00:00,0.5643013056159198,0.5880823982146098,0.549310539871796,0.4019477354242391,0.2224227315702596,0.1280960318632934
2026-05-10 00:00:00,0.576833248618829,0.6054111671571997,0.564059544709133,0.4104411698540247,0.22679999627968184,0.09003239540794741
2026-05-11 00:00:00,0.6118091934709013,0.6538120428945706,0.6049218913555459,0.41809441738453157,0.2326618532722764,0.0705946657844714
2026-05-12 00:00:00,0.6016141017255878,0.5563999261084623,0.522710350563892,0.42468054067326033,0.2385667622543446,0.07405548667465969
2026-05-13 00:00:00,0.5717330026542429,0.5139467129624407,0.48707981191184374,0.42746752144770817,0.24266095777564756,0.06132077505120773
2026-05-14 00:00:00,0.5406028535774816,0.5112531151580835,0.4840247572835055,0.4287266558909668,0.24643825882997583,0.07482479049709664
2026-05-15 00:00:00,0.5867847116836005,0.6779777874252446,0.6268699170689058,0.4332133742380613,0.25064484165517076,0.08937242344293392
2026-05-16 00:00:00,0.5348590927129997,0.4664073269160237,0.4466212606052944,0.4349950829881921,0.25510407548780867,0.1220999466714309
2026-05-17 00:00:00,0.5104434983198167,0.5257331677376434,0.4955210837866728,0.4343677123286187,0.26019347141302496,0.12177194014277695
2026-05-18 00:00:00,0.4920718358266394,0.5387670107583005,0.5063762934881784,0.4344444074039464,0.2649537767465191,0.11352579033795832
2026-05-19 00:00:00,0.4798338946417926,0.5519944861812376,0.5177360411046321,0.4352240286816975,0.26970231014810553,0.10662737468901692
2026-05-20 00:00:00,0.4745988258786522,0.5670963009184482,0.5310045759008123,0.43643378977480296,0.2740433969453644,0.10424106348086368
2026-05-21 00:00:00,0.49316431098868274,0.618422604410929,0.5766756625976103,0.43789180265519034,0.2780806868824459,0.10597282966836483
2026-05-22 00:00:00,0.49525096284161285,0.5828857172669146,0.5449993378896336,0.4370751100089765,0.28221611196598273,0.07546306567008146
2026-05-23 00:00:00,0.4411978459098109,0.46181934099695054,0.43830667200441875,0.433100804074557,0.28592049436915223,0.10538401431122688
2026-05-24 00:00:00,0.4726589508225818,0.646232230155193,0.6024600464278889,0.4308301477680285,0.29017290862970846,0.11966433444832761
2026-05-25 00:00:00,0.4813120099207471,0.5970462873494484,0.5576598182963126,0.4273394019316994,0.29445856714353713,0.10588087812030919
2026-05-26 00:00:00,0.48763385791899405,0.592018990545472,0.5531272028950616,0.4227979411521843,0.2980187082216663,0.09541022754769887
2026-05-27 00:00:00,0.4509211771946806,0.4992142897120239,0.47099692871210863,0.41585851932029927,0.30111423016602434,0.10267732497264956
2026-05-28 00:00:00,0.4114903940246444,0.4933526550712395,0.46441635180642943,0.4087954403535361,0.30226891994646476,0.10641059891474061
2026-05-29 00:00:00,0.3935429247091158,0.5396817906365945,0.505449079187981,0.40066353213900396,0.30356547237793907,0.10606333816088012
2026-05-30 00:00:00,0.38961083544535735,0.5699061986034407,0.5331616083023933,0.39174756870842553,0.3044852699196483,0.10119732988868527
2026-05-31 00:00:00,0.397942861039452,0.5963539730802512,0.5577363883596246,0.38156276034777314,0.3048733708452558,0.08254456919856759
2026-06-01 00:00:00,0.392160959159382,0.5659170459032572,0.5294865525140445,0.3715881182742853,0.3051220905309213,0.08276783358242448
2026-06-02 00:00:00,0.33272405754772927,0.4502091168026435,0.4220104378581013,0.3602059606680996,0.30540653296942666,0.11082824745441086
2026-06-03 00:00:00,0.2129038346629326,0.319991446656616,0.2934311225864734,0.3446001770476772,0.302062847021497,0.23851727803707548
2026-06-04 00:00:00,0.14297253067426174,0.4275777577071638,0.38657561609171376,0.32346481665544613,0.29764273127492946,0.23398731688562394
2026-06-05 00:00:00,0.13681716984054826,0.5651116752510094,0.5268656625193116,0.30450914159489884,0.292892783511842,0.22945623946169028
2026-06-06 00:00:00,0.062453502156629925,0.41801928921842146,0.3692789380089455,0.28317482400251137,0.28679050628378167,0.2670081397325951
2026-06-07 00:00:00,0.05971831208054934,0.5724873322730193,0.5344171374856018,0.2625851513160995,0.2797746788221833,0.27011972606232093
2026-06-08 00:00:00,0.12280505365549854,0.7144334591734672,0.6938114165776403,0.24558261387446234,0.2744094263802115,0.3458008339323999
2026-06-09 00:00:00,0.11747305761118931,0.5668872755706985,0.5286103979066011,0.22857546053198496,0.2697645964637323,0.34557029153288976
2026-06-10 00:00:00,0.08096675639409012,0.4996593506664177,0.4557232547478741,0.20894566161718253,0.2636466165425728,0.3387322738973808
2026-06-11 00:00:00,0.07602007734848049,0.5677182183009164,0.5292082473357627,0.18898091925184168,0.2572450038938725,0.33634853397521014
2026-06-12 00:00:00,0.13016494770591724,0.695150160207132,0.6708234660654486,0.17416881476559465,0.25091363038592807,0.38066545406136076
2026-06-13 00:00:00,0.1295549200974757,0.5770702816600848,0.5396151731593875,0.15782940892749853,0.2445564310007966,0.3661807041106616
2026-06-14 00:00:00,0.15242136686986973,0.6276977021573237,0.5940736545321652,0.14216687741539746,0.23893409964294943,0.37534045960157403
2026-06-15 00:00:00,0.18634807314137758,0.6515493418621046,0.618659404311341,0.12781895296715629,0.23379195361404315,0.393221528939824
2026-06-16 00:00:00,0.20156199517489504,0.611194901032428,0.5751526158478005,0.11594389319048659,0.228468687538528,0.39661006103784135
2026-06-17 00:00:00,0.18399941992678448,0.540511821308235,0.5019856852875639,0.10511024794757495,0.22340316629840995,0.39209346910685217
2026-06-18 00:00:00,0.1533536154480042,0.5122976126081586,0.4722008561394084,0.09367187867602977,0.21827735664954817,0.3954482766979103
2026-06-19 00:00:00,0.11298839105508685,0.49133751651366375,0.4487189666205907,0.08049847942080435,0.2127201748149956,0.40240807039676196
2026-06-20 00:00:00,0.12844706930735095,0.6117227220248308,0.5772517148834795,0.06766446781370128,0.20719780518246234,0.40609938497956044
2026-06-21 00:00:00,0.14836709505338175,0.6213436945732305,0.5872696714594899,0.056054441321016,0.20118068551090262,0.4147346150648217
2026-06-22 00:00:00,0.12233411910684766,0.5222452566195748,0.4813181178306047,0.04603518686582175,0.19453074829794947,0.401227853752677
2026-06-23 00:00:00,0.14012051474308884,0.6167424845703322,0.5824698679363234,0.04256907718503178,0.18824609431350692,0.304952530791025
2026-06-24 00:00:00,0.10685924471907371,0.5066573162073182,0.4643614444177425,0.04084927915723813,0.18084516067543754,0.2686698783400796
2026-06-25 00:00:00,0.0632223534303118,0.484282110621967,0.4383987036061485,0.037344524140616064,0.1722537685706016,0.2887324143710004
2026-06-26 00:00:00,0.030278208686022934,0.5073412023235451,0.4614222710791299,0.035812262403949635,0.1628923678952805,0.23979015935144224
2026-06-27 00:00:00,0.03798936320391699,0.5950150539333867,0.5600572549371232,0.03477747970734235,0.1542672584873317,0.24083989886674764
2026-06-28 00:00:00,0.0361924018997708,0.5745106387452252,0.5366175300190776,0.030652785325991694,0.14553812572854175,0.17845170873029062
2026-06-29 00:00:00,0.02422253460310131,0.5525725921285329,0.5116054299256698,0.026211980195187,0.13640400158742372,0.17941580967893409
2026-06-30 00:00:00,0.04138158865019115,0.6153896116510791,0.5835354304171346,0.024326843143402055,0.12697538136019326,0.1698646204961575
2026-07-01 00:00:00,0.0,0.4891457095243923,0.4396419435887695,0.020706591603321778,0.11703127830385607,0.19355279271793377
2026-07-02 00:00:00,0.03656393089013199,0.6572365620786867,0.6330403497124069,0.016249095148443526,0.10818544775081129,0.16947077838672583
2026-07-03 00:00:00,0.07628277890878765,0.6640401950905543,0.6386434078877543,0.013712152831249158,0.1005106830463467,0.19874449492170818
2026-07-04 00:00:00,0.10402408789120754,0.6382104262984981,0.6075191124317607,0.011407362703833357,0.09253111378298673,0.20316976359562613
2026-07-05 00:00:00,0.1179754740052914,0.6084722206227069,0.5738994836903465,0.008151301726848859,0.0856404281174783,0.18913044473786747
2026-07-06 00:00:00,0.13095905703776278,0.6063851366433795,0.5713600164089935,0.004789026858942114,0.07936791492079331,0.1883501978608312
2026-07-07 00:00:00,0.14178880870299193,0.6017403622815822,0.5661305474452653,0.002778860129037941,0.07357807304273156,0.1879793060908194
2026-07-08 00:00:00,0.12441652142530168,0.5409221805869642,0.5010260763152288,0.0014008089239472277,0.0677033653569572,0.180276714311805
2026-07-09 00:00:00,0.09602875597711136,0.5171671125870047,0.47497310040850954,0.0005931519581594547,0.06144596584064299,0.16942028488588615
2026-07-10 00:00:00,0.12070088347118557,0.6315916836682308,0.5994439578323272,0.0002242607101992089,0.055289503255528505,0.1752058560608827
2026-07-11 00:00:00,0.14465162524361608,0.630036002960902,0.5968873219194921,4.732146243635604e-05,0.04949443306924439,0.1778389880862555
2026-07-12 00:00:00,0.13631352150088039,0.5604045526524543,0.521862220189289,0.0007130528693433114,0.04445498812689985,0.1689841947514165
2026-07-13 00:00:00,0.1351474900969838,0.5758712499190348,0.5383358609911515,0.0004762259577972827,0.038876247970172084,0.16454782987685831
2026-07-14 00:00:00,0.09685918429611662,0.49581642715384494,0.4525100421230156,0.0,0.032521612154046586,0.1698756335533035
2026-07-15 00:00:00,0.16741404386637448,0.7305385839864219,0.7079914226426135,0.004961848776285915,0.027228686302596117,0.2064955324277569
2026-07-16 00:00:00,0.16046565774956956,0.5634015025981348,0.5252713560855263,0.01116167557744685,0.02242773564276357,0.18626086997680222
2026-07-17 00:00:00,0.13633789689691245,0.5263538857148422,0.48608467894456664,0.01584525974343709,0.017879729238327924,0.19849411770571226
2026-07-18 00:00:00,0.13927707622550378,0.5847242074207415,0.5478200525189508,0.020754389857520872,0.013676959067588923,0.19784589181644233
2026-07-19 00:00:00,0.16251443062483029,0.6284975708296688,0.5946197036519175,0.027340169128150515,0.009923273695551238,0.19664382101251907
2026-07-20 00:00:00,0.15924560921170317,0.5713365471230472,0.5335948312933356,0.03295312582118126,0.005977837468854608,0.1961890425273423
2026-07-21 00:00:00,0.1726681097886329,0.6073316698717701,0.5716183148566814,0.04117597973278064,0.0023498315627239474,0.15872815629603995
2026-07-22 00:00:00,0.20752245851273132,0.6535498187546968,0.6198324418046054,0.04931741939586387,0.00028036942735987225,0.15393237718564015
2026-07-23 00:00:00,0.19594160084086765,0.5534114980704146,0.5153723108867183,0.05501584867261933,0.0,0.14074190978043918
2026-07-24 00:00:00,0.1692129688748525,0.5207450624571817,0.48141451326161583,0.058120293643061594,0.00043372923101658856,0.14636847071596412
2026-07-25 00:00:00,0.14417351024076885,0.5243877937796598,0.4843024217673798,0.05936790459449237,0.0005553224696848158,0.15538121606802865
2026-07-26 00:00:00,0.15005877236281173,0.5910774855997474,0.5545625860615077,0.06027747712101905,0.0020033534129586528,0.1535934050309847
2026-07-27 00:00:00,0.17681347908989808,0.6360828015779367,0.6023349388397258,0.06194543276289166,0.003938824015792486,0.16163077227814346
2026-07-28 00:00:00,0.1339656502120865,0.4859837372729585,0.44439006613966736,0.06240018431541006,0.0041232979535050784,0.18345141233716264
2026-07-29 00:00:00,0.1386767857610871,0.5885454614650278,0.5519292898441935,0.06443118192672626,0.004473775206775166,0.1706561870164829
2026-07-30 00:00:00,0.13958083629925055,0.5803354172060093,0.5431154208488644,0.06533028885592707,0.005442609629800366,0.16258039525124504
2026-07-31 00:00:00,0.16114831970045107,0.6248964653217958,0.590759588387604,0.06611589952085484,0.006849697682631772,0.16087252195226567
2026-08-01 00:00:00,0.11097568440860806,0.47018766634815345,0.4268200315425044,0.06490925323799068,0.006532517597829246,0.19465399471879666
2026-08-02 00:00:00,0.10973630098981801,0.575713065038201,0.5381221248516266,0.0636991137628784,0.006204934866181899,0.19465443254496087
2026-08-03 00:00:00,0.12882806678325487,0.6195575377499882,0.5858534150650834,0.06522154573210881,0.005814960284755921,0.17880145797363414
2026-08-04 00:00:00,0.1278050253475984,0.576179610243143,0.5386555321251117,0.06333527285137563,0.004847299954282347,0.09672499243593788
2026-08-05 00:00:00,0.14337853120086552,0.6119703497199589,0.577194208376848,0.06252154444749758,0.0038855831988524603,0.10119136628171446
2026-08-06 00:00:00,0.15763612601078503,0.6091325649381475,0.5738298994641226,0.0635358152748875,0.0034498232809028195,0.0944587893971662
2026-08-07 00:00:00,0.1486110022683722,0.5589229822151973,0.5204427360167023,0.06398031837604568,0.0033714324418594455,0.09609137994758818
2026-08-08 00:00:00,0.164707136360289,0.6130974064991257,0.5779439543507784,0.06408474008400233,0.004226293609149723,0.09117229882112451
2026-08-09 00:00:00,0.16568497612373223,0.5804945449385556,0.543250960250523,0.06439139759861634,0.0048418004297547945,0.09095031781546006
2026-08-10 00:00:00,0.1640899536542122,0.5749461233128607,0.5374086708425443,0.06398288600483881,0.00510168417552892,0.08788374260915024
2026-08-11 00:00:00,0.13955772771637842,0.5254816498070345,0.4852832801459139,0.060746248659565794,0.005386373876990147,0.07338391320712831
2026-08-12 00:00:00,0.1296927154811789,0.5571117482451673,0.5182829018278453,0.057591323834212504,0.005214012374469279,0.07303500782308528
2026-08-13 00:00:00,0.12632915648977994,0.5711322439072297,0.5332278611665454,0.05554909771123828,0.005535831308883132,0.06264958644510252
2026-08-14 00:00:00,0.1268653405448339,0.5795421068125872,0.542275975700416,0.05472484272251443,0.006587788736185374,0.05201859279122431
2026-08-15 00:00:00,0.1152593271388509,0.5533572492974291,0.5140632110904351,0.05306761282272765,0.007992444972323876,0.05323546869336146
2026-08-16 00:00:00,0.11647913952057976,0.5810163630487215,0.5438839999081942,0.050194352318870816,0.009289805559988151,0.036228141951718335
2026-08-17 00:00:00,0.11159180500006549,0.5678461957892512,0.5296023146464589,0.04912885817033086,0.010536085247689897,0.0
2026-08-18 00:00:00,0.15457450496186875,0.6710787479024426,0.6418303570213819,0.0498859442511117,0.012690678072436512,0.04275807920016275
2026-08-19 00:00:00,0.1596592681464839,0.5893511958828453,0.552649599806663,0.05084212551733347,0.01464569447049291,0.04309864729525578
2026-08-20 00:00:00,0.2797853318422652,0.8374397376735376,0.8147181854148275,0.05649189385350706,0.019270277181421713,0.24296949860386305
2026-08-21 00:00:00,0.37708967639422264,0.7882243080983267,0.7479898211511354,0.06916485635138159,0.02489884056934133,0.2781740470170305
2026-08-22 00:00:00,0.5152702859385754,0.8763746761031546,0.8199184252089642,0.08847732069991943,0.03215488227087038,0.38904776155952825
2026-08-23 00:00:00,0.48300657420703685,0.5088085678102827,0.480316258908056,0.10534411867864968,0.038419098634253634,0.4072090878759984
2026-08-24 00:00:00,0.49947547980526497,0.6139012946593859,0.5725179978761886,0.12304392354710103,0.04472492717581722,0.40429435383939794
2026-08-25 00:00:00,0.5323864898056885,0.6493589753965319,0.6034438284230319,0.1415693803785485,0.05136013693841357,0.4050516545191959
2026-08-26 00:00:00,0.5203170503464001,0.552357863048478,0.5185063048751012,0.15884108307446754,0.05761684507381082,0.4117362502095011
2026-08-27 00:00:00,0.5335381738120388,0.6068973966701616,0.5658478075198191,0.1771722034074772,0.06437923289391634,0.40581976806508935
2026-08-28 00:00:00,0.5661563225440533,0.6487274150377413,0.6018662632321091,0.19629014021098112,0.07214998985948196,0.4064114959588968
2026-08-29 00:00:00,0.5023045078470292,0.4406882808540258,0.42379401670235295,0.2123207392401827,0.07845753111654563,0.44520244203984727
2026-08-30 00:00:00,0.5128536095534015,0.6011351358217185,0.56100771330772,0.22892966949166293,0.08454355613993236,0.44298758927775483
2026-08-31 00:00:00,0.49806444420498397,0.5464927274240862,0.5131667066829955,0.2460025867757034,0.09052295131331145,0.4356533036407403
2026-09-01 00:00:00,0.5214008835033346,0.6287112491174065,0.5853169600974839,0.2646566338117733,0.09690734878483998,0.4290145036345978
2026-09-02 00:00:00,0.49175676382332134,0.5144577630928616,0.48541266378630893,0.2820591398914851,0.10343462634740619,0.44053012659953417
2026-09-03 00:00:00,0.4886443366987392,0.5716738140942752,0.535104628860148,0.2992878906857124,0.10874425444219371,0.4415185474026212
2026-09-04 00:00:00,0.5921479066576942,0.8015930442358717,0.73837340551371,0.32199842551634106,0.11587954724603788,0.4703542845974372
2026-09-05 00:00:00,0.5505790853510384,0.48874193908272,0.46564265727512705,0.3426712668532077,0.1227265560783648,0.49097562633322145
2026-09-06 00:00:00,0.5545037027237234,0.5868493214997558,0.5482895868979075,0.3637637536774925,0.12958985325472838,0.4881510139395413
2026-09-07 00:00:00,0.5677469527026882,0.6069451128764415,0.5654812122034887,0.383439979254002,0.13628795748759703,0.4842109383923654
2026-09-08 00:00:00,0.5355059505115187,0.5088575413244019,0.4818782827167871,0.4013386657342688,0.14250717940936752,0.49846210573510175
2026-09-09 00:00:00,0.5187392819591261,0.5422282077769612,0.5097878517785273,0.4127182043521167,0.14822740337190465,0.41182224160940606
2026-09-10 00:00:00,0.5143646174076208,0.568951777388783,0.5328115088495989,0.4192555538780851,0.1532992094371679,0.3502652646880764
2026-09-11 00:00:00,0.4692836491445316,0.48116793380718353,0.45615926795274564,0.4170655640953391,0.15781729086206409,0.20679032119172688
2026-09-12 00:00:00,0.48620258069813116,0.6148717833668327,0.5736007185878156,0.41721776530092924,0.16305682457431891,0.200885152260013
2026-09-13 00:00:00,0.4877180706075268,0.5816539967190054,0.5439227408496597,0.41665785033846015,0.16873528607136912,0.19841664907586185
2026-09-14 00:00:00,0.4761722464313112,0.5534870484059069,0.5190059465871912,0.41398079832471857,0.17412562846011292,0.18849373880158785
2026-09-15 00:00:00,0.5115025967888125,0.6545763244582676,0.6088111082817739,0.4135610337022684,0.17965771799838381,0.2001445699000123
2026-09-16 00:00:00,0.44411603201168015,0.4330655315538007,0.41398819102690027,0.4093025449206007,0.18478420580964272,0.23494475864189698
2026-09-17 00:00:00,0.45863543978330945,0.6096971690899079,0.569338088228543,0.4041821523219322,0.19007281493671946,0.22674605046824234
2026-09-18 00:00:00,0.46449335054138596,0.5910185019132602,0.5523673790398398,0.4023814977416893,0.195443306613444,0.1971550230454335
2026-09-19 00:00:00,0.5819446344393457,0.8316715290675479,0.7676811793542131,0.40567177181103053,0.20239866538493656,0.3102739070948558
2026-09-20 00:00:00,0.591409954025395,0.5987979410520573,0.5582785871094956,0.41011710043307104,0.21033978224899008,0.30776050156468004
2026-09-21 00:00:00,0.589652217886609,0.574595228488496,0.5378408992146668,0.4133673865026435,0.21827233124062806,0.30539600100055586
2026-09-22 00:00:00,0.7312469751623538,0.8837373443655557,0.7981214274506205,0.4247724631175993,0.22822973697767024,0.4058736838665966
2026-09-23 00:00:00,0.7204612503893866,0.5551262158329973,0.5226737087717199,0.4358121195883249,0.23802577493936639,0.40735967987075694
2026-09-24 00:00:00,0.6734805786935218,0.477071190703812,0.4606905764209253,0.4396853691490532,0.246787852449722,0.3645107854079216
2026-09-25 00:00:00,0.6733648857319066,0.5781363228221962,0.5408276870057996,0.44553271235670544,0.2553123533234114,0.35104827478901657
2026-09-26 00:00:00,0.6654800057249315,0.561381937428271,0.5272577416704882,0.45081766004244406,0.263855701330475,0.3522206270218925
2026-09-27 00:00:00,0.6743757701642015,0.5975696855889663,0.5566232612770979,0.45589557043264817,0.27228003414546675,0.35191188447838906
2026-09-28 00:00:00,0.6752114847397512,0.5801880495281282,0.5424887681326167,0.46254867041739334,0.28070201776766024,0.3424878204848363
2026-09-29 00:00:00,0.6499198510389641,0.5238439739141296,0.4968915226282643,0.4687957918858825,0.2887323191744704,0.3449996155832853
2026-09-30 00:00:00,0.6541159394002893,0.5874347533525848,0.5484376869757686,0.4754510723896497,0.29723747201379536,0.34418036524816
2026-09-30 11:03:10,0.6570860109651406,0.5847908270591875,0.5462631456811174,0.48439465431334416,0.3059547764560808,0.32465343016699577
